2020年03月01日武汉天气,阴,18℃,78% 非常潮湿
2020年03月02日武汉天气,中雨,12℃,86% 非常潮湿
2020年03月03日武汉天气,中雨,11℃,86% 非常潮湿
2020年03月04日武汉天气,阴,15℃,80% 非常潮湿
2020年03月05日武汉天气,阴,15℃,75% 
2020年03月06日武汉天气,小雨,13℃,91% 非常潮湿
2020年03月07日武汉天气,阴,19℃,93% 非常潮湿
2020年03月08日武汉天气,大雨,19℃,96% 非常潮湿
2020年03月09日武汉天气,暴雨,14℃,94% 非常潮湿
2020年03月10日武汉天气,阴,17℃,81% 非常潮湿
2020年03月11日武汉天气,阴,19℃,70% 潮湿
2020年03月12日武汉天气,阴,18℃,77% 非常潮湿
2020年03月13日武汉天气,多云,18℃,88% 非常潮湿
2020年03月14日武汉天气,多云,19℃,81% 非常潮湿
2020年03月15日武汉天气,阴,21℃,58% 湿润
2020年03月16日武汉天气,阴,19℃,59% 湿润
2020年03月17日武汉天气,阴,22℃,72% 潮湿
2020年03月18日武汉天气,多云,23℃,83% 非常潮湿
2020年03月19日武汉天气,阴,23℃,65% 潮湿
2020年03月20日武汉天气,多云,26℃,62% 潮湿
2020年03月21日武汉天气,大雨,23℃,92% 非常潮湿
2020年03月22日武汉天气,中雨,25℃,90% 非常潮湿
2020年03月23日武汉天气,小雨,24℃,84% 非常潮湿
2020年03月24日武汉天气,阴,25℃,83% 非常潮湿
2020年03月25日武汉天气,大雨,25℃,91% 非常潮湿
2020年03月26日武汉天气,暴雨,27℃,92% 非常潮湿
2020年03月27日武汉天气,暴雨,12℃,91% 非常潮湿
2020年03月28日武汉天气,暴雨,11℃,88% 非常潮湿
2020年03月29日武汉天气,暴雨,9℃,91% 非常潮湿
2020年03月30日武汉天气,小雨,14℃,83% 非常潮湿
2020年03月31日武汉天气,阴,14℃,80% 非常潮湿
2020年04月01日武汉天气,阴,18℃,82% 非常潮湿
2020年04月02日武汉天气,小雨,19℃,81% 非常潮湿
2020年04月03日武汉天气,雨,18℃,69% 潮湿
2020年04月04日武汉天气,阴,21℃,65% 潮湿
2020年04月05日武汉天气,阴,20℃,68% 潮湿
2020年04月06日武汉天气,阴,21℃,60% 湿润
2020年04月07日武汉天气,小雨,22℃,73% 潮湿
2020年04月08日武汉天气,阴,23℃,67% 潮湿
2020年04月09日武汉天气,阴,25℃,70% 潮湿
2020年04月10日武汉天气,暴雨,19℃,94% 非常潮湿
2020年04月11日武汉天气,阴,17℃,82% 非常潮湿
2020年04月12日武汉天气,阴,21℃,67% 潮湿
2020年04月13日武汉天气,阴,21℃,65% 潮湿
2020年04月14日武汉天气,阴,21℃,71% 潮湿
2020年04月15日武汉天气,阴,24℃,71% 潮湿
2020年04月16日武汉天气,多云,27℃,75% 非常潮湿
2020年04月17日武汉天气,晴,31℃,76% 非常潮湿
2020年04月18日武汉天气,大雨,23℃,72% 潮湿
2020年04月19日武汉天气,阴,21℃,67% 潮湿
2020年04月23日武汉天气,阴,23℃,72% 潮湿
2020年04月24日武汉天气,阴,24℃,61% 
2020年04月25日武汉天气,阴,26℃,58% 湿润
2020年04月26日武汉天气,阴,28℃,63% 潮湿
2020年04月27日武汉天气,晴,29℃,69% 潮湿
2020年04月28日武汉天气,多云,26℃,67% 潮湿
2020年04月29日武汉天气,晴,32℃,64% 潮湿
2020年04月30日武汉天气,小雨,29℃,84% 非常潮湿
2020年05月01日武汉天气,小雨,29℃,84% 非常潮湿
2020年05月02日武汉天气,多云,34℃,85% 非常潮湿
2020年05月03日武汉天气,多云,35℃,71% 潮湿
2020年05月04日武汉天气,阴,35℃,63% 潮湿
2020年05月05日武汉天气,大暴雨,27℃,93% 非常潮湿
2020年05月06日武汉天气,小雨,26℃,84% 非常潮湿
2020年05月07日武汉天气,小雨,28℃,90% 非常潮湿
2020年05月08日武汉天气,大暴雨,24℃,95% 非常潮湿
2020年05月09日武汉天气,小雨,21℃,79% 非常潮湿
2020年05月10日武汉天气,多云,28℃,83% 非常潮湿
2020年05月11日武汉天气,多云,27℃,66% 潮湿
2020年05月12日武汉天气,阴,29℃,51% 湿润
2020年05月13日武汉天气,阴,28℃,73% 潮湿
2020年05月14日武汉天气,大雨,22℃,93% 非常潮湿
